row_1,row_2,row_3
"(632, 340)",0,162494
"(623, 337)",1,10
"(632, 341)",2,105106
"(636, 345)",3,20068
"(636, 344)",4,19223
"(628, 346)",5,2539
"(625, 345)",6,2016
"(633, 342)",7,44375
"(635, 339)",8,4187
"(631, 340)",9,97880
"(633, 340)",10,76747
"(635, 345)",11,4646
"(630, 344)",12,17824
"(633, 344)",13,8571
"(633, 343)",14,17120
"(633, 341)",15,58934
"(632, 337)",16,7389
"(635, 341)",17,30137
"(637, 342)",18,2229
"(630, 341)",19,11202
"(631, 351)",20,570
"(630, 350)",21,1317
"(637, 336)",22,11984
"(634, 338)",23,16006
"(629, 345)",24,4659
"(627, 345)",25,3891
"(652, 343)",26,13
"(632, 339)",27,118192
"(633, 348)",28,4470
"(627, 346)",29,11584
"(631, 343)",30,16894
"(631, 341)",31,28702
"(635, 342)",32,10764
"(632, 342)",33,45615
"(634, 343)",34,81468
"(634, 350)",35,3004
"(635, 346)",36,2203
"(630, 343)",37,19465
"(633, 333)",38,130
"(629, 337)",39,11115
"(629, 340)",40,59033
"(638, 334)",41,13985
"(634, 354)",42,2331
"(629, 341)",43,20086
"(636, 339)",44,7895
"(628, 344)",45,10141
"(630, 340)",46,49145
"(625, 344)",47,4804
"(628, 335)",48,91
"(628, 341)",49,9902
"(632, 344)",50,10638
"(630, 342)",51,22535
"(634, 337)",52,1908
"(626, 344)",53,15530
"(627, 342)",54,6204
"(628, 345)",55,5821
"(634, 341)",56,36882
"(632, 350)",57,1933
"(631, 339)",58,33789
"(634, 342)",59,46263
"(631, 338)",60,20035
"(637, 385)",61,8
"(636, 336)",62,9458
"(632, 357)",63,561
"(637, 343)",64,2772
"(632, 338)",65,23023
"(626, 343)",66,10535
"(633, 339)",67,23653
"(631, 347)",68,2063
"(639, 334)",69,12106
"(627, 347)",70,8269
"(626, 342)",71,3561
"(636, 343)",72,5265
"(620, 346)",73,274
"(628, 343)",74,8021
"(635, 343)",75,23376
"(633, 346)",76,7992
"(635, 344)",77,42000
"(640, 343)",78,1146
"(625, 349)",79,3598
"(632, 343)",80,18632
"(631, 344)",81,36556
"(623, 344)",82,5230
"(623, 343)",83,3907
"(622, 340)",84,757
"(630, 346)",85,9238
"(636, 337)",86,23276
"(628, 347)",87,5991
"(627, 343)",88,9448
"(630, 347)",89,3627
"(628, 348)",90,1254
"(631, 342)",91,17699
"(636, 348)",92,466
"(636, 342)",93,7912
"(638, 336)",94,2108
"(635, 338)",95,10849
"(629, 344)",96,12089
"(638, 346)",97,3920
"(633, 345)",98,5948
"(639, 336)",99,2530
"(633, 338)",100,15655
"(632, 347)",101,1961
"(634, 340)",102,19727
"(638, 335)",103,6814
"(636, 346)",104,1692
"(626, 347)",105,3502
"(639, 333)",106,4839
"(639, 332)",107,854
"(637, 344)",108,11253
"(637, 345)",109,10942
"(629, 339)",110,4430
"(662, 342)",111,33
"(633, 357)",112,843
"(639, 335)",113,706
"(646, 331)",114,62
"(629, 342)",115,16073
"(647, 347)",116,82
"(634, 339)",117,5683
"(635, 340)",118,12287
"(636, 338)",119,2970
"(643, 341)",120,403
"(631, 350)",121,1104
"(631, 345)",122,6516
"(638, 337)",123,1107
"(634, 347)",124,3807
"(643, 347)",125,454
"(629, 343)",126,9256
"(637, 340)",127,756
"(636, 340)",128,2664
"(616, 344)",129,68
"(636, 347)",130,1355
"(631, 349)",131,1104
"(622, 343)",132,883
"(624, 341)",133,86
"(629, 346)",134,3006
"(625, 343)",135,1448
"(636, 350)",136,1327
"(627, 344)",137,13892
"(635, 337)",138,2338
"(628, 340)",139,24905
"(637, 350)",140,622
"(631, 346)",141,2799
"(634, 344)",142,17806
"(625, 348)",143,6764
"(632, 348)",144,2306
"(635, 348)",145,1183
"(620, 343)",146,76
"(639, 347)",147,1870
"(633, 337)",148,3919
"(634, 349)",149,2083
"(633, 356)",150,484
"(646, 344)",151,49
"(637, 337)",152,688
"(638, 350)",153,948
"(628, 349)",154,665
"(628, 339)",155,953
"(632, 358)",156,891
"(643, 344)",157,104
"(631, 337)",158,3272
"(634, 346)",159,5253
"(634, 345)",160,8814
"(640, 346)",161,228
"(638, 340)",162,2152
"(635, 350)",163,1619
"(644, 347)",164,497
"(637, 339)",165,2760
"(630, 336)",166,2734
"(643, 336)",167,231
"(640, 342)",168,792
"(650, 350)",169,7
"(633, 336)",170,1992
"(628, 342)",171,4259
"(618, 344)",172,22
"(637, 346)",173,3835
"(627, 341)",174,4629
"(637, 373)",175,9
"(636, 373)",176,19
"(633, 350)",177,3548
"(634, 356)",178,748
"(634, 355)",179,399
"(640, 337)",180,455
"(638, 331)",181,362
"(632, 336)",182,4519
"(639, 343)",183,1589
"(624, 340)",184,230
"(635, 347)",185,2595
"(635, 351)",186,689
"(637, 347)",187,1602
"(630, 345)",188,8316
"(632, 356)",189,344
"(639, 342)",190,753
"(635, 349)",191,597
"(632, 354)",192,694
"(632, 346)",193,5238
"(630, 338)",194,8094
"(635, 332)",195,788
"(633, 360)",196,172
"(636, 332)",197,433
"(632, 345)",198,6111
"(635, 353)",199,601
"(620, 326)",200,3
"(622, 342)",201,1184
"(639, 337)",202,493
"(629, 347)",203,3902
"(634, 348)",204,4159
"(639, 350)",205,874
"(639, 346)",206,1321
"(636, 341)",207,2512
"(635, 336)",208,1762
"(644, 346)",209,108
"(645, 345)",210,35
"(629, 338)",211,7869
"(639, 406)",212,1
"(643, 345)",213,205
"(629, 350)",214,104
"(632, 349)",215,1265
"(624, 344)",216,4549
"(645, 349)",217,12
"(636, 334)",218,175
"(632, 366)",219,889
"(631, 379)",220,17
"(633, 359)",221,99
"(636, 319)",222,12
"(626, 345)",223,3539
"(632, 333)",224,248
"(633, 367)",225,28
"(633, 347)",226,1245
"(623, 345)",227,577
"(624, 349)",228,247
"(638, 332)",229,150
"(640, 335)",230,388
"(641, 334)",231,814
"(637, 341)",232,3618
"(623, 350)",233,393
"(633, 365)",234,95
"(624, 345)",235,1573
"(634, 332)",236,488
"(627, 340)",237,547
"(640, 334)",238,1024
"(640, 347)",239,668
"(629, 336)",240,1520
"(630, 351)",241,143
"(630, 339)",242,777
"(639, 341)",243,437
"(609, 331)",244,1
"(641, 335)",245,431
"(640, 336)",246,707
"(633, 364)",247,142
"(625, 346)",248,224
"(624, 343)",249,1285
"(632, 368)",250,326
"(633, 368)",251,46
"(631, 368)",252,32
"(632, 355)",253,473
"(635, 352)",254,625
"(641, 336)",255,601
"(638, 369)",256,33
"(638, 353)",257,185
"(638, 341)",258,528
"(636, 354)",259,133
"(640, 332)",260,425
"(648, 343)",261,27
"(632, 335)",262,2084
"(626, 358)",263,28
"(627, 338)",264,113
"(627, 359)",265,218
"(626, 340)",266,2167
"(632, 367)",267,473
"(641, 333)",268,325
"(633, 334)",269,104
"(630, 337)",270,2868
"(642, 336)",271,404
"(638, 392)",272,1
"(625, 342)",273,418
"(635, 335)",274,1187
"(634, 352)",275,546
"(645, 348)",276,58
"(633, 354)",277,1008
"(635, 355)",278,261
"(638, 333)",279,1353
"(622, 349)",280,349
"(632, 331)",281,118
"(634, 364)",282,94
"(635, 363)",283,150
"(631, 348)",284,636
"(632, 351)",285,334
"(627, 349)",286,150
"(642, 334)",287,637
"(635, 357)",288,178
"(639, 345)",289,419
"(626, 346)",290,983
"(637, 360)",291,68
"(636, 333)",292,458
"(639, 331)",293,180
"(619, 340)",294,149
"(643, 346)",295,103
"(626, 341)",296,923
"(633, 335)",297,136
"(641, 366)",298,29
"(626, 364)",299,4
"(633, 332)",300,224
"(636, 330)",301,100
"(632, 365)",302,195
"(631, 357)",303,479
"(639, 351)",304,128
"(640, 339)",305,37
"(578, 362)",306,1
"(633, 353)",307,611
"(637, 353)",308,214
"(636, 331)",309,284
"(633, 349)",310,2083
"(637, 386)",311,95
"(638, 374)",312,27
"(637, 335)",313,3614
"(647, 346)",314,40
"(627, 339)",315,690
"(636, 353)",316,218
"(644, 341)",317,150
"(651, 341)",318,21
"(624, 348)",319,319
"(631, 359)",320,422
"(637, 331)",321,330
"(641, 347)",322,261
"(621, 346)",323,1708
"(631, 367)",324,89
"(636, 355)",325,90
"(643, 334)",326,253
"(633, 331)",327,385
"(636, 349)",328,441
"(626, 350)",329,31
"(619, 350)",330,34
"(621, 348)",331,549
"(637, 366)",332,39
"(636, 386)",333,42
"(623, 346)",334,325
"(622, 346)",335,356
"(636, 360)",336,41
"(633, 366)",337,248
"(636, 359)",338,26
"(631, 336)",339,2442
"(636, 367)",340,31
"(630, 369)",341,118
"(627, 371)",342,22
"(612, 343)",343,3
"(634, 360)",344,57
"(642, 342)",345,368
"(654, 346)",346,16
"(605, 353)",347,1
"(633, 374)",348,28
"(637, 355)",349,193
"(629, 328)",350,3
"(633, 351)",351,404
"(641, 342)",352,309
"(647, 337)",353,28
"(641, 341)",354,504
"(641, 346)",355,67
"(654, 343)",356,11
"(644, 345)",357,67
"(646, 371)",358,9
"(646, 329)",359,2
"(633, 355)",360,585
"(622, 348)",361,367
"(591, 332)",362,1
"(640, 348)",363,270
"(634, 358)",364,96
"(626, 373)",365,4
"(638, 343)",366,582
"(646, 374)",367,6
"(632, 360)",368,311
"(642, 332)",369,105
"(664, 347)",370,4
"(642, 347)",371,482
"(629, 326)",372,13
"(635, 356)",373,338
"(630, 368)",374,86
"(634, 331)",375,37
"(645, 385)",376,2
"(622, 353)",377,34
"(621, 347)",378,403
"(631, 335)",379,522
"(625, 340)",380,165
"(623, 341)",381,521
"(622, 345)",382,210
"(637, 357)",383,107
"(630, 335)",384,1002
"(637, 333)",385,156
"(631, 334)",386,272
"(635, 354)",387,250
"(632, 353)",388,593
"(620, 350)",389,50
"(620, 349)",390,13
"(632, 332)",391,168
"(635, 331)",392,447
"(864, 154)",393,1
"(638, 380)",394,6
"(638, 342)",395,425
"(639, 365)",396,50
"(631, 333)",397,77
"(638, 378)",398,41
"(676, 402)",399,1
"(636, 352)",400,415
"(633, 358)",401,340
"(643, 348)",402,160
"(634, 334)",403,278
"(634, 357)",404,152
"(640, 333)",405,514
"(628, 337)",406,992
"(635, 379)",407,6
"(640, 324)",408,20
"(643, 350)",409,75
"(637, 351)",410,403
"(623, 342)",411,534
"(651, 338)",412,3
"(621, 344)",413,691
"(635, 334)",414,734
"(612, 344)",415,9
"(632, 352)",416,240
"(639, 352)",417,120
"(629, 370)",418,8
"(628, 371)",419,14
"(637, 349)",420,382
"(636, 335)",421,435
"(627, 350)",422,62
"(620, 344)",423,278
"(622, 344)",424,391
"(626, 333)",425,95
"(622, 350)",426,325
"(639, 340)",427,336
"(655, 342)",428,14
"(638, 325)",429,107
"(638, 330)",430,86
"(602, 383)",431,1
"(625, 347)",432,235
"(637, 332)",433,298
"(630, 348)",434,220
"(626, 339)",435,1076
"(631, 353)",436,94
"(645, 346)",437,33
"(624, 342)",438,346
"(622, 362)",439,8
"(623, 360)",440,36
"(632, 361)",441,68
"(636, 357)",442,40
"(619, 339)",443,10
"(655, 343)",444,11
"(632, 362)",445,324
"(632, 359)",446,121
"(626, 338)",447,901
"(634, 336)",448,51
"(641, 337)",449,182
"(615, 352)",450,13
"(632, 370)",451,16
"(634, 353)",452,393
"(631, 366)",453,147
"(621, 345)",454,132
"(636, 356)",455,149
"(631, 355)",456,448
"(630, 349)",457,552
"(640, 341)",458,267
"(635, 333)",459,931
"(634, 388)",460,1
"(602, 334)",461,2
"(636, 329)",462,22
"(635, 366)",463,37
"(607, 351)",464,3
"(597, 355)",465,5
"(647, 352)",466,17
"(638, 370)",467,9
"(628, 356)",468,133
"(637, 338)",469,659
"(651, 357)",470,14
"(641, 343)",471,743
"(595, 391)",472,4
"(618, 340)",473,22
"(630, 359)",474,74
"(635, 384)",475,1
"(645, 341)",476,26
"(639, 330)",477,128
"(650, 369)",478,63
"(634, 351)",479,615
"(633, 383)",480,2
"(638, 349)",481,137
"(634, 333)",482,423
"(627, 348)",483,409
"(632, 363)",484,237
"(621, 342)",485,515
"(658, 342)",486,13
"(640, 350)",487,168
"(633, 330)",488,201
"(652, 340)",489,3
"(590, 376)",490,2
"(625, 341)",491,59
"(620, 342)",492,23
"(621, 395)",493,1
"(636, 362)",494,52
"(639, 323)",495,42
"(632, 383)",496,1
"(632, 334)",497,648
"(630, 358)",498,58
"(644, 334)",499,87
"(640, 338)",500,37
"(624, 347)",501,25
"(620, 347)",502,95
"(647, 367)",503,6
"(624, 346)",504,279
"(633, 352)",505,539
"(637, 308)",506,6
"(628, 357)",507,255
"(638, 328)",508,104
"(638, 386)",509,44
"(640, 344)",510,276
"(639, 339)",511,378
"(640, 312)",512,4
"(633, 361)",513,45
"(630, 334)",514,192
"(637, 334)",515,122
"(629, 373)",516,10
"(616, 356)",517,1
"(644, 357)",518,20
"(647, 345)",519,12
"(647, 344)",520,33
"(635, 360)",521,211
"(642, 348)",522,398
"(642, 337)",523,147
"(638, 344)",524,260
"(616, 340)",525,28
"(616, 341)",526,2
"(631, 356)",527,129
"(622, 341)",528,125
"(652, 344)",529,14
"(634, 359)",530,102
"(622, 356)",531,53
"(621, 333)",532,120
"(647, 343)",533,65
"(655, 347)",534,23
"(636, 378)",535,49
"(638, 368)",536,41
"(635, 371)",537,2
"(638, 366)",538,52
"(643, 316)",539,45
"(639, 316)",540,53
"(636, 351)",541,198
"(637, 358)",542,96
"(642, 331)",543,112
"(640, 316)",544,15
"(616, 343)",545,13
"(646, 341)",546,27
"(636, 391)",547,3
"(626, 335)",548,304
"(632, 364)",549,154
"(626, 351)",550,2
"(637, 330)",551,88
"(640, 331)",552,59
"(641, 365)",553,94
"(636, 369)",554,31
"(642, 335)",555,282
"(647, 368)",556,3
"(635, 327)",557,115
"(628, 336)",558,323
"(642, 346)",559,177
"(657, 322)",560,3
"(652, 327)",561,2
"(638, 307)",562,3
"(650, 359)",563,7
"(619, 335)",564,10
"(617, 325)",565,1
"(631, 352)",566,48
"(622, 331)",567,7
"(613, 339)",568,3
"(621, 350)",569,175
"(630, 376)",570,3
"(643, 391)",571,1
"(632, 388)",572,3
"(639, 376)",573,18
"(638, 379)",574,6
"(620, 358)",575,41
"(648, 344)",576,56
"(651, 349)",577,9
"(635, 368)",578,34
"(628, 368)",579,24
"(645, 367)",580,3
"(643, 323)",581,16
"(637, 368)",582,13
"(612, 360)",583,3
"(636, 324)",584,37
"(639, 317)",585,44
"(618, 347)",586,30
"(623, 366)",587,56
"(616, 360)",588,10
"(621, 365)",589,2
"(616, 348)",590,10
"(637, 326)",591,115
"(631, 358)",592,104
"(635, 369)",593,41
"(652, 342)",594,8
"(635, 361)",595,67
"(644, 331)",596,25
"(622, 333)",597,137
"(640, 325)",598,16
"(640, 326)",599,26
"(643, 338)",600,35
"(643, 337)",601,103
"(633, 363)",602,174
"(655, 337)",603,4
"(638, 345)",604,244
"(638, 338)",605,75
"(637, 354)",606,57
"(619, 348)",607,21
"(604, 347)",608,16
"(644, 356)",609,169
"(625, 350)",610,95
"(647, 341)",611,45
"(646, 360)",612,4
"(638, 347)",613,440
"(639, 344)",614,590
"(617, 340)",615,21
"(635, 326)",616,85
"(642, 327)",617,51
"(619, 344)",618,186
"(622, 360)",619,26
"(622, 352)",620,38
"(631, 372)",621,6
"(625, 364)",622,29
"(630, 363)",623,23
"(629, 371)",624,9
"(643, 355)",625,13
"(613, 340)",626,2
"(629, 348)",627,335
"(623, 340)",628,214
"(634, 320)",629,29
"(634, 374)",630,2
"(616, 345)",631,15
"(641, 332)",632,74
"(649, 348)",633,16
"(638, 351)",634,366
"(637, 325)",635,295
"(643, 327)",636,127
"(652, 339)",637,2
"(646, 347)",638,88
"(639, 327)",639,393
"(624, 364)",640,11
"(649, 337)",641,5
"(607, 360)",642,1
"(620, 293)",643,1
"(642, 341)",644,361
"(642, 377)",645,2
"(637, 319)",646,4
"(654, 342)",647,13
"(640, 345)",648,117
"(615, 361)",649,5
"(636, 368)",650,85
"(638, 324)",651,100
"(626, 334)",652,63
"(662, 348)",653,1
"(644, 348)",654,94
"(639, 328)",655,134
"(639, 324)",656,166
"(621, 343)",657,375
"(647, 336)",658,27
"(649, 342)",659,3
"(643, 335)",660,143
"(632, 328)",661,23
"(629, 325)",662,10
"(625, 336)",663,149
"(626, 337)",664,94
"(627, 358)",665,48
"(625, 359)",666,120
"(644, 342)",667,120
"(631, 361)",668,58
"(643, 315)",669,5
"(641, 367)",670,37
"(639, 366)",671,37
"(637, 387)",672,22
"(641, 331)",673,98
"(637, 362)",674,22
"(611, 365)",675,1
"(644, 349)",676,112
"(642, 339)",677,124
"(625, 295)",678,1
"(638, 367)",679,67
"(631, 354)",680,199
"(641, 314)",681,10
"(636, 374)",682,22
"(635, 372)",683,4
"(638, 384)",684,12
"(616, 346)",685,15
"(639, 369)",686,4
"(629, 334)",687,20
"(646, 330)",688,4
"(642, 313)",689,3
"(637, 352)",690,152
"(639, 326)",691,218
"(627, 335)",692,37
"(640, 314)",693,9
"(650, 349)",694,4
"(664, 385)",695,1
"(637, 328)",696,60
"(629, 353)",697,6
"(655, 345)",698,6
"(625, 388)",699,2
"(645, 397)",700,2
"(634, 323)",701,39
"(637, 356)",702,184
"(645, 350)",703,12
"(613, 359)",704,10
"(601, 335)",705,2
"(630, 333)",706,220
"(646, 348)",707,14
"(641, 348)",708,231
"(642, 349)",709,37
"(641, 344)",710,339
"(633, 372)",711,2
"(642, 344)",712,288
"(633, 362)",713,52
"(634, 326)",714,102
"(658, 347)",715,6
"(639, 315)",716,16
"(624, 350)",717,90
"(635, 365)",718,19
"(606, 350)",719,22
"(644, 335)",720,58
"(634, 362)",721,22
"(651, 347)",722,7
"(639, 358)",723,14
"(638, 326)",724,42
"(632, 329)",725,18
"(604, 362)",726,2
"(604, 363)",727,2
"(630, 331)",728,87
"(635, 320)",729,10
"(638, 313)",730,1
"(634, 312)",731,3
"(641, 356)",732,17
"(636, 375)",733,8
"(623, 361)",734,2
"(640, 330)",735,15
"(631, 370)",736,27
"(651, 342)",737,16
"(636, 358)",738,30
"(650, 328)",739,6
"(632, 327)",740,21
"(638, 385)",741,11
"(616, 362)",742,5
"(645, 336)",743,5
"(641, 376)",744,4
"(640, 363)",745,8
"(638, 377)",746,13
"(632, 372)",747,9
"(617, 357)",748,9
"(651, 314)",749,1
"(637, 388)",750,15
"(636, 387)",751,2
"(626, 287)",752,1
"(609, 350)",753,21
"(621, 330)",754,3
"(604, 349)",755,7
"(636, 383)",756,6
"(636, 380)",757,4
"(636, 379)",758,4
"(643, 321)",759,72
"(663, 345)",760,1
"(656, 344)",761,9
"(643, 351)",762,73
"(630, 370)",763,23
"(646, 345)",764,39
"(653, 337)",765,2
"(644, 344)",766,94
"(639, 357)",767,12
"(636, 381)",768,4
"(636, 371)",769,9
"(639, 329)",770,29
"(627, 357)",771,107
"(631, 365)",772,28
"(647, 349)",773,2
"(658, 328)",774,3
"(611, 364)",775,2
"(621, 349)",776,67
"(642, 333)",777,246
"(637, 324)",778,322
"(646, 373)",779,13
"(601, 370)",780,1
"(634, 361)",781,24
"(627, 368)",782,3
"(619, 342)",783,13
"(619, 341)",784,9
"(649, 341)",785,31
"(611, 353)",786,12
"(613, 350)",787,11
"(597, 339)",788,3
"(641, 339)",789,96
"(636, 395)",790,1
"(609, 338)",791,6
"(635, 375)",792,4
"(638, 352)",793,223
"(643, 349)",794,80
"(643, 357)",795,23
"(632, 381)",796,3
"(637, 327)",797,150
"(636, 327)",798,180
"(643, 331)",799,48
"(638, 339)",800,182
"(641, 315)",801,14
"(633, 266)",802,1
"(633, 292)",803,1
"(626, 371)",804,9
"(660, 312)",805,1
"(676, 397)",806,1
"(659, 313)",807,7
"(613, 346)",808,12
"(654, 344)",809,2
"(596, 371)",810,2
"(643, 356)",811,134
"(644, 358)",812,8
"(611, 359)",813,8
"(610, 353)",814,1
"(665, 371)",815,1
"(643, 333)",816,101
"(637, 364)",817,60
"(654, 347)",818,18
"(640, 340)",819,235
"(645, 343)",820,59
"(641, 363)",821,8
"(637, 359)",822,18
"(618, 349)",823,22
"(643, 325)",824,62
"(640, 319)",825,8
"(640, 327)",826,10
"(622, 336)",827,7
"(634, 335)",828,18
"(586, 345)",829,2
"(624, 337)",830,74
"(638, 383)",831,11
"(571, 340)",832,1
"(607, 329)",833,1
"(612, 350)",834,61
"(617, 359)",835,4
"(639, 375)",836,2
"(637, 369)",837,28
"(643, 374)",838,1
"(605, 364)",839,2
"(658, 344)",840,11
"(622, 367)",841,3
"(617, 361)",842,6
"(622, 337)",843,13
"(630, 367)",844,15
"(616, 353)",845,18
"(642, 343)",846,161
"(645, 361)",847,4
"(646, 342)",848,11
"(643, 342)",849,86
"(639, 379)",850,5
"(637, 363)",851,9
"(644, 385)",852,2
"(633, 369)",853,12
"(633, 370)",854,10
"(648, 318)",855,1
"(644, 373)",856,10
"(626, 359)",857,30
"(633, 373)",858,7
"(650, 360)",859,1
"(638, 348)",860,62
"(642, 345)",861,110
"(638, 355)",862,93
"(659, 362)",863,2
"(638, 361)",864,129
"(617, 352)",865,11
"(645, 334)",866,28
"(651, 360)",867,3
"(641, 340)",868,168
"(661, 342)",869,12
"(677, 352)",870,1
"(609, 398)",871,1
"(628, 355)",872,40
"(590, 337)",873,2
"(635, 313)",874,4
"(863, 378)",875,1
"(632, 324)",876,24
"(642, 325)",877,54
"(616, 351)",878,16
"(643, 386)",879,2
"(629, 335)",880,111
"(617, 350)",881,68
"(642, 326)",882,39
"(643, 326)",883,53
"(614, 356)",884,4
"(645, 366)",885,12
"(638, 329)",886,31
"(629, 368)",887,8
"(642, 351)",888,38
"(631, 360)",889,117
"(634, 366)",890,33
"(574, 365)",891,1
"(602, 341)",892,3
"(642, 365)",893,41
"(635, 318)",894,6
"(606, 339)",895,1
"(631, 364)",896,84
"(635, 362)",897,275
"(642, 338)",898,74
"(646, 350)",899,21
"(660, 301)",900,2
"(641, 316)",901,8
"(663, 343)",902,3
"(646, 337)",903,32
"(613, 361)",904,1
"(616, 361)",905,8
"(620, 345)",906,23
"(645, 333)",907,12
"(631, 375)",908,5
"(646, 346)",909,18
"(629, 369)",910,20
"(578, 368)",911,1
"(636, 317)",912,7
"(613, 344)",913,8
"(647, 358)",914,1
"(641, 357)",915,24
"(631, 363)",916,57
"(616, 347)",917,13
"(650, 353)",918,2
"(628, 373)",919,22
"(647, 356)",920,4
"(602, 372)",921,5
"(636, 325)",922,96
"(615, 339)",923,15
"(644, 327)",924,32
"(653, 359)",925,8
"(638, 373)",926,16
"(617, 356)",927,4
"(635, 359)",928,76
"(617, 358)",929,7
"(552, 324)",930,1
"(617, 360)",931,8
"(651, 411)",932,1
"(603, 372)",933,1
"(632, 369)",934,32
"(636, 385)",935,4
"(643, 332)",936,86
"(629, 367)",937,9
"(675, 320)",938,1
"(632, 322)",939,1
"(630, 374)",940,6
"(640, 393)",941,1
"(630, 357)",942,63
"(648, 353)",943,6
"(630, 366)",944,42
"(625, 362)",945,4
"(605, 360)",946,3
"(644, 360)",947,18
"(642, 352)",948,21
"(651, 327)",949,3
"(623, 336)",950,40
"(620, 341)",951,18
"(636, 408)",952,1
"(628, 369)",953,52
"(634, 367)",954,6
"(613, 335)",955,1
"(661, 349)",956,1
"(614, 351)",957,6
"(626, 357)",958,86
"(629, 349)",959,95
"(635, 358)",960,73
"(689, 379)",961,3
"(653, 349)",962,3
"(674, 354)",963,1
"(641, 352)",964,6
"(677, 343)",965,1
"(644, 340)",966,6
"(638, 381)",967,14
"(625, 333)",968,10
"(616, 352)",969,7
"(637, 316)",970,2
"(621, 360)",971,84
"(666, 360)",972,1
"(636, 326)",973,78
"(628, 350)",974,59
"(653, 375)",975,1
"(657, 363)",976,2
"(637, 329)",977,51
"(642, 314)",978,8
"(641, 349)",979,29
"(629, 374)",980,14
"(642, 316)",981,13
"(605, 367)",982,2
"(647, 315)",983,12
"(643, 385)",984,4
"(670, 378)",985,1
"(623, 351)",986,47
"(621, 340)",987,89
"(618, 346)",988,21
"(619, 347)",989,19
"(679, 317)",990,4
"(637, 283)",991,1
"(623, 357)",992,19
"(663, 342)",993,7
"(631, 327)",994,9
"(630, 327)",995,3
"(660, 333)",996,67
"(653, 382)",997,1
"(624, 333)",998,39
"(626, 369)",999,6
"(626, 370)",1000,34
"(613, 365)",1001,3
"(644, 367)",1002,4
"(609, 349)",1003,5
"(645, 316)",1004,5
"(638, 322)",1005,16
"(635, 374)",1006,3
"(638, 356)",1007,22
"(640, 315)",1008,7
"(635, 330)",1009,161
"(628, 374)",1010,11
"(622, 354)",1011,45
"(637, 367)",1012,8
"(660, 296)",1013,1
"(635, 325)",1014,8
"(643, 312)",1015,3
"(631, 373)",1016,6
"(638, 371)",1017,5
"(644, 361)",1018,8
"(620, 333)",1019,15
"(644, 337)",1020,90
"(676, 321)",1021,1
"(628, 370)",1022,5
"(635, 373)",1023,5
"(650, 320)",1024,1
"(617, 344)",1025,10
"(648, 347)",1026,79
"(649, 355)",1027,1
"(626, 377)",1028,1
"(644, 343)",1029,47
"(691, 332)",1030,1
"(636, 314)",1031,8
"(646, 353)",1032,5
"(669, 336)",1033,4
"(640, 382)",1034,2
"(600, 340)",1035,1
"(645, 281)",1036,1
"(634, 325)",1037,19
"(630, 364)",1038,71
"(613, 342)",1039,5
"(630, 371)",1040,8
"(639, 325)",1041,148
"(615, 347)",1042,3
"(655, 349)",1043,5
"(642, 290)",1044,1
"(641, 434)",1045,1
"(620, 360)",1046,26
"(614, 359)",1047,8
"(638, 323)",1048,41
"(618, 341)",1049,9
"(691, 347)",1050,1
"(639, 362)",1051,4
"(627, 336)",1052,90
"(690, 380)",1053,1
"(621, 351)",1054,17
"(631, 369)",1055,11
"(609, 352)",1056,4
"(627, 369)",1057,5
"(637, 372)",1058,1
"(641, 504)",1059,1
"(626, 372)",1060,12
"(639, 354)",1061,11
"(640, 378)",1062,4
"(655, 338)",1063,3
"(637, 323)",1064,14
"(654, 340)",1065,5
"(640, 380)",1066,1
"(613, 352)",1067,4
"(623, 348)",1068,37
"(616, 357)",1069,20
"(658, 354)",1070,4
"(627, 372)",1071,27
"(660, 342)",1072,8
"(677, 371)",1073,1
"(644, 371)",1074,16
"(643, 364)",1075,14
"(645, 363)",1076,2
"(655, 295)",1077,3
"(644, 366)",1078,11
"(610, 366)",1079,1
"(635, 329)",1080,67
"(664, 342)",1081,5
"(644, 330)",1082,1
"(645, 327)",1083,11
"(636, 370)",1084,10
"(642, 330)",1085,35
"(645, 384)",1086,5
"(640, 318)",1087,3
"(634, 322)",1088,56
"(591, 361)",1089,1
"(629, 351)",1090,12
"(624, 360)",1091,29
"(638, 354)",1092,65
"(647, 351)",1093,5
"(605, 359)",1094,4
"(634, 368)",1095,26
"(634, 385)",1096,3
"(586, 318)",1097,1
"(640, 366)",1098,14
"(643, 373)",1099,4
"(641, 353)",1100,3
"(622, 361)",1101,39
"(621, 341)",1102,62
"(619, 360)",1103,4
"(619, 359)",1104,4
"(638, 327)",1105,38
"(620, 357)",1106,1
"(594, 350)",1107,1
"(627, 355)",1108,7
"(640, 362)",1109,9
"(634, 363)",1110,24
"(621, 356)",1111,28
"(622, 359)",1112,10
"(619, 345)",1113,28
"(614, 340)",1114,11
"(620, 356)",1115,12
"(621, 355)",1116,35
"(624, 359)",1117,48
"(625, 360)",1118,13
"(640, 355)",1119,46
"(576, 346)",1120,2
"(622, 357)",1121,38
"(629, 356)",1122,16
"(660, 369)",1123,1
"(626, 336)",1124,60
"(618, 255)",1125,1
"(630, 361)",1126,22
"(650, 329)",1127,1
"(661, 343)",1128,5
"(611, 350)",1129,5
"(620, 334)",1130,10
"(629, 357)",1131,15
"(636, 364)",1132,13
"(674, 343)",1133,1
"(630, 362)",1134,68
"(640, 365)",1135,2
"(645, 389)",1136,1
"(645, 337)",1137,18
"(669, 355)",1138,1
"(642, 370)",1139,5
"(662, 411)",1140,1
"(611, 363)",1141,5
"(642, 353)",1142,9
"(626, 348)",1143,18
"(632, 377)",1144,13
"(626, 356)",1145,34
"(611, 343)",1146,5
"(604, 381)",1147,3
"(647, 342)",1148,31
"(639, 348)",1149,35
"(616, 350)",1150,43
"(622, 334)",1151,24
"(628, 367)",1152,8
"(669, 366)",1153,1
"(650, 348)",1154,4
"(661, 350)",1155,3
"(636, 366)",1156,40
"(620, 340)",1157,169
"(629, 396)",1158,2
"(639, 360)",1159,14
"(636, 316)",1160,2
"(618, 348)",1161,8
"(596, 370)",1162,3
"(623, 359)",1163,18
"(615, 362)",1164,1
"(641, 327)",1165,15
"(626, 361)",1166,22
"(627, 356)",1167,38
"(643, 365)",1168,38
"(634, 327)",1169,49
"(625, 369)",1170,1
"(628, 351)",1171,5
"(615, 338)",1172,5
"(663, 373)",1173,4
"(599, 353)",1174,2
"(630, 356)",1175,43
"(603, 291)",1176,1
"(609, 348)",1177,1
"(630, 332)",1178,19
"(622, 351)",1179,25
"(638, 360)",1180,21
"(659, 337)",1181,1
"(644, 374)",1182,8
"(620, 351)",1183,13
"(627, 367)",1184,14
"(652, 341)",1185,14
"(617, 335)",1186,5
"(628, 331)",1187,5
"(650, 354)",1188,3
"(614, 339)",1189,5
"(635, 370)",1190,34
"(637, 365)",1191,24
"(621, 331)",1192,8
"(621, 335)",1193,8
"(649, 347)",1194,17
"(616, 358)",1195,7
"(639, 361)",1196,13
"(626, 362)",1197,8
"(649, 390)",1198,1
"(628, 329)",1199,3
"(640, 376)",1200,4
"(644, 375)",1201,2
"(649, 354)",1202,2
"(624, 358)",1203,34
"(635, 316)",1204,5
"(633, 320)",1205,3
"(659, 347)",1206,8
"(612, 347)",1207,16
"(645, 390)",1208,1
"(636, 323)",1209,7
"(617, 348)",1210,13
"(643, 340)",1211,60
"(642, 340)",1212,90
"(644, 378)",1213,5
"(638, 372)",1214,15
"(627, 360)",1215,34
"(667, 342)",1216,2
"(659, 336)",1217,2
"(614, 350)",1218,14
"(604, 346)",1219,6
"(636, 365)",1220,21
"(624, 356)",1221,14
"(679, 318)",1222,1
"(653, 339)",1223,4
"(637, 348)",1224,156
"(605, 365)",1225,2
"(614, 352)",1226,6
"(645, 373)",1227,4
"(617, 341)",1228,2
"(615, 340)",1229,12
"(625, 361)",1230,21
"(634, 372)",1231,2
"(624, 369)",1232,20
"(640, 351)",1233,9
"(601, 319)",1234,1
"(628, 354)",1235,32
"(618, 350)",1236,79
"(657, 343)",1237,14
"(630, 352)",1238,16
"(590, 360)",1239,1
"(611, 358)",1240,4
"(625, 339)",1241,19
"(645, 371)",1242,1
"(648, 285)",1243,1
"(650, 341)",1244,7
"(628, 327)",1245,6
"(657, 344)",1246,5
"(645, 370)",1247,9
"(655, 346)",1248,7
"(643, 322)",1249,30
"(614, 353)",1250,9
"(650, 367)",1251,5
"(791, 518)",1252,1
"(621, 357)",1253,13
"(591, 337)",1254,3
"(639, 338)",1255,18
"(630, 360)",1256,60
"(622, 358)",1257,3
"(623, 321)",1258,1
"(645, 310)",1259,1
"(650, 352)",1260,1
"(613, 349)",1261,7
"(681, 299)",1262,1
"(639, 285)",1263,1
"(594, 362)",1264,1
"(645, 359)",1265,8
"(631, 381)",1266,1
"(654, 353)",1267,4
"(652, 402)",1268,1
"(637, 380)",1269,2
"(655, 344)",1270,8
"(643, 295)",1271,1
"(643, 354)",1272,2
"(638, 403)",1273,2
"(627, 373)",1274,8
"(633, 328)",1275,44
"(623, 354)",1276,18
"(621, 359)",1277,30
"(623, 356)",1278,9
"(625, 356)",1279,35
"(648, 342)",1280,22
"(636, 307)",1281,3
"(601, 371)",1282,1
"(645, 352)",1283,4
"(645, 347)",1284,53
"(652, 347)",1285,6
"(622, 339)",1286,17
"(628, 372)",1287,19
"(647, 348)",1288,25
"(618, 345)",1289,12
"(637, 377)",1290,8
"(615, 343)",1291,5
"(612, 342)",1292,4
"(642, 381)",1293,4
"(655, 383)",1294,2
"(651, 348)",1295,9
"(616, 339)",1296,8
"(658, 353)",1297,3
"(640, 313)",1298,5
"(640, 368)",1299,12
"(641, 324)",1300,8
"(639, 367)",1301,23
"(598, 345)",1302,1
"(619, 333)",1303,22
"(658, 336)",1304,4
"(662, 349)",1305,2
"(624, 336)",1306,54
"(600, 353)",1307,4
"(619, 353)",1308,2
"(619, 356)",1309,1
"(663, 351)",1310,1
"(608, 362)",1311,2
"(630, 386)",1312,2
"(644, 363)",1313,20
"(631, 362)",1314,19
"(623, 352)",1315,53
"(634, 324)",1316,87
"(621, 361)",1317,10
"(620, 359)",1318,11
"(628, 330)",1319,1
"(637, 371)",1320,4
"(636, 318)",1321,16
"(614, 355)",1322,5
"(635, 328)",1323,47
"(618, 342)",1324,7
"(648, 341)",1325,18
"(639, 313)",1326,1
"(629, 354)",1327,12
"(656, 342)",1328,4
"(632, 325)",1329,11
"(678, 358)",1330,1
"(646, 335)",1331,1
"(660, 346)",1332,1
"(579, 289)",1333,1
"(619, 357)",1334,2
"(616, 338)",1335,5
"(636, 376)",1336,14
"(639, 359)",1337,14
"(653, 408)",1338,1
"(624, 334)",1339,39
"(623, 333)",1340,6
"(638, 376)",1341,13
"(608, 363)",1342,5
"(615, 345)",1343,23
"(627, 327)",1344,8
"(635, 317)",1345,13
"(661, 345)",1346,1
"(638, 363)",1347,6
"(629, 372)",1348,9
"(634, 375)",1349,2
"(635, 322)",1350,54
"(667, 307)",1351,1
"(632, 371)",1352,10
"(627, 337)",1353,48
"(635, 312)",1354,3
"(662, 346)",1355,6
"(629, 358)",1356,12
"(632, 321)",1357,10
"(654, 345)",1358,4
"(614, 345)",1359,16
"(641, 384)",1360,1
"(635, 364)",1361,9
"(585, 346)",1362,1
"(664, 369)",1363,1
"(648, 359)",1364,6
"(630, 365)",1365,10
"(646, 321)",1366,1
"(618, 360)",1367,2
"(649, 309)",1368,1
"(638, 364)",1369,11
"(642, 323)",1370,15
"(628, 359)",1371,61
"(590, 388)",1372,1
"(618, 398)",1373,1
"(614, 398)",1374,1
"(587, 306)",1375,1
"(658, 341)",1376,1
"(645, 379)",1377,2
"(630, 353)",1378,11
"(645, 365)",1379,5
"(572, 323)",1380,1
"(641, 362)",1381,2
"(644, 350)",1382,20
"(639, 378)",1383,3
"(656, 364)",1384,2
"(664, 344)",1385,2
"(635, 321)",1386,28
"(636, 306)",1387,2
"(636, 328)",1388,44
"(637, 315)",1389,8
"(612, 336)",1390,3
"(508, 340)",1391,1
"(612, 335)",1392,1
"(644, 323)",1393,1
"(641, 325)",1394,21
"(633, 314)",1395,2
"(657, 362)",1396,1
"(628, 378)",1397,1
"(657, 361)",1398,2
"(631, 292)",1399,1
"(597, 341)",1400,2
"(623, 368)",1401,14
"(607, 359)",1402,19
"(648, 339)",1403,8
"(602, 384)",1404,1
"(593, 359)",1405,2
"(641, 338)",1406,36
"(644, 320)",1407,4
"(638, 359)",1408,38
"(630, 373)",1409,4
"(637, 361)",1410,12
"(645, 342)",1411,32
"(612, 361)",1412,3
"(623, 331)",1413,5
"(623, 347)",1414,9
"(646, 354)",1415,1
"(671, 350)",1416,2
"(641, 350)",1417,21
"(646, 366)",1418,5
"(651, 356)",1419,1
"(654, 308)",1420,1
"(633, 325)",1421,23
"(619, 358)",1422,1
"(612, 349)",1423,13
"(610, 351)",1424,2
"(651, 359)",1425,1
"(595, 356)",1426,2
"(616, 349)",1427,58
"(646, 338)",1428,25
"(656, 343)",1429,4
"(647, 330)",1430,3
"(634, 382)",1431,3
"(657, 337)",1432,6
"(622, 390)",1433,2
"(663, 347)",1434,2
"(596, 355)",1435,3
"(643, 366)",1436,10
"(599, 362)",1437,1
"(615, 350)",1438,12
"(625, 358)",1439,20
"(644, 365)",1440,9
"(643, 353)",1441,36
"(638, 357)",1442,16
"(646, 352)",1443,13
"(648, 369)",1444,3
"(625, 376)",1445,1
"(613, 341)",1446,2
"(648, 345)",1447,46
"(642, 328)",1448,38
"(640, 386)",1449,2
"(653, 331)",1450,5
"(645, 368)",1451,2
"(667, 373)",1452,1
"(610, 337)",1453,2
"(597, 367)",1454,1
"(632, 314)",1455,1
"(640, 373)",1456,10
"(607, 323)",1457,4
"(643, 363)",1458,3
"(640, 352)",1459,9
"(625, 355)",1460,4
"(616, 342)",1461,2
"(642, 371)",1462,4
"(659, 339)",1463,8
"(619, 355)",1464,1
"(615, 359)",1465,4
"(650, 333)",1466,2
"(691, 406)",1467,1
"(611, 345)",1468,1
"(629, 323)",1469,7
"(631, 374)",1470,3
"(633, 326)",1471,17
"(631, 377)",1472,2
"(662, 373)",1473,1
"(639, 314)",1474,9
"(604, 358)",1475,2
"(612, 353)",1476,4
"(644, 333)",1477,25
"(625, 334)",1478,28
"(639, 353)",1479,19
"(625, 337)",1480,18
"(641, 320)",1481,8
"(640, 320)",1482,7
"(602, 381)",1483,1
"(642, 360)",1484,9
"(614, 360)",1485,5
"(617, 347)",1486,22
"(641, 319)",1487,35
"(605, 366)",1488,2
"(640, 329)",1489,6
"(644, 370)",1490,3
"(634, 373)",1491,9
"(628, 366)",1492,1
"(646, 343)",1493,23
"(646, 369)",1494,1
"(676, 346)",1495,1
"(624, 363)",1496,15
"(645, 338)",1497,12
"(648, 331)",1498,6
"(612, 351)",1499,3
"(636, 384)",1500,2
"(615, 349)",1501,12
"(623, 355)",1502,16
"(608, 350)",1503,8
"(604, 350)",1504,6
"(621, 337)",1505,13
"(598, 340)",1506,1
"(615, 335)",1507,3
"(654, 333)",1508,13
"(615, 408)",1509,1
"(616, 333)",1510,2
"(670, 388)",1511,1
"(643, 360)",1512,23
"(636, 407)",1513,1
"(644, 325)",1514,18
"(664, 402)",1515,1
"(649, 404)",1516,1
"(639, 289)",1517,1
"(625, 357)",1518,17
"(642, 320)",1519,3
"(621, 332)",1520,68
"(628, 338)",1521,39
"(641, 355)",1522,44
"(620, 364)",1523,2
"(648, 348)",1524,7
"(605, 317)",1525,1
"(613, 343)",1526,3
"(629, 378)",1527,2
"(617, 351)",1528,21
"(624, 357)",1529,11
"(643, 324)",1530,10
"(619, 343)",1531,14
"(643, 339)",1532,52
"(643, 359)",1533,2
"(659, 331)",1534,1
"(641, 351)",1535,10
"(620, 339)",1536,1
"(649, 356)",1537,5
"(638, 375)",1538,2
"(648, 411)",1539,1
"(602, 366)",1540,2
"(637, 301)",1541,2
"(638, 382)",1542,5
"(633, 323)",1543,5
"(624, 353)",1544,4
"(612, 333)",1545,3
"(616, 359)",1546,1
"(599, 333)",1547,3
"(645, 353)",1548,1
"(658, 315)",1549,1
"(639, 384)",1550,3
"(600, 339)",1551,2
"(635, 314)",1552,7
"(621, 353)",1553,20
"(634, 379)",1554,2
"(633, 324)",1555,16
"(639, 349)",1556,4
"(636, 389)",1557,6
"(672, 288)",1558,1
"(663, 401)",1559,1
"(637, 378)",1560,6
"(613, 345)",1561,4
"(609, 346)",1562,18
"(604, 356)",1563,3
"(645, 328)",1564,5
"(645, 317)",1565,6
"(636, 361)",1566,22
"(637, 382)",1567,1
"(627, 332)",1568,31
"(633, 377)",1569,6
"(628, 328)",1570,5
"(634, 329)",1571,3
"(691, 407)",1572,1
"(621, 352)",1573,25
"(621, 354)",1574,6
"(658, 331)",1575,2
"(627, 331)",1576,7
"(654, 338)",1577,3
"(648, 355)",1578,5
"(647, 331)",1579,56
"(640, 357)",1580,28
"(605, 349)",1581,7
"(651, 343)",1582,13
"(639, 404)",1583,1
"(642, 359)",1584,8
"(630, 355)",1585,14
"(666, 355)",1586,1
"(633, 329)",1587,14
"(640, 364)",1588,4
"(640, 361)",1589,2
"(639, 364)",1590,12
"(608, 346)",1591,9
"(654, 337)",1592,2
"(634, 370)",1593,2
"(641, 374)",1594,5
"(662, 338)",1595,1
"(645, 286)",1596,1
"(646, 312)",1597,2
"(655, 330)",1598,1
"(598, 362)",1599,2
"(615, 353)",1600,3
"(612, 362)",1601,1
"(671, 380)",1602,1
"(659, 348)",1603,1
"(619, 380)",1604,1
"(645, 377)",1605,1
"(641, 360)",1606,1
"(645, 360)",1607,3
"(605, 335)",1608,2
"(624, 351)",1609,43
"(617, 346)",1610,7
"(604, 354)",1611,1
"(653, 365)",1612,1
"(622, 347)",1613,6
"(641, 361)",1614,1
"(642, 361)",1615,1
"(589, 365)",1616,1
"(609, 344)",1617,49
"(623, 353)",1618,20
"(660, 345)",1619,1
"(629, 355)",1620,5
"(658, 362)",1621,3
"(677, 374)",1622,1
"(673, 373)",1623,1
"(603, 350)",1624,1
"(641, 364)",1625,3
"(653, 343)",1626,15
"(641, 326)",1627,32
"(645, 344)",1628,25
"(638, 362)",1629,3
"(670, 396)",1630,1
"(661, 355)",1631,1
"(640, 328)",1632,30
"(651, 363)",1633,2
"(615, 346)",1634,12
"(635, 367)",1635,13
"(695, 366)",1636,1
"(649, 313)",1637,1
"(593, 365)",1638,1
"(675, 351)",1639,1
"(651, 354)",1640,2
"(594, 355)",1641,4
"(644, 332)",1642,26
"(636, 363)",1643,22
"(631, 397)",1644,1
"(636, 377)",1645,5
"(632, 323)",1646,4
"(656, 363)",1647,2
"(636, 321)",1648,6
"(626, 326)",1649,4
"(651, 364)",1650,1
"(605, 368)",1651,1
"(640, 353)",1652,4
"(652, 346)",1653,1
"(617, 345)",1654,9
"(602, 385)",1655,1
"(646, 334)",1656,4
"(621, 358)",1657,11
"(651, 366)",1658,5
"(644, 324)",1659,9
"(556, 357)",1660,1
"(639, 322)",1661,31
"(635, 389)",1662,3
"(625, 363)",1663,23
"(207, 207)",1664,1
"(639, 355)",1665,19
"(652, 356)",1666,2
"(576, 356)",1667,1
"(620, 325)",1668,2
"(618, 330)",1669,3
"(630, 323)",1670,11
"(649, 376)",1671,1
"(641, 302)",1672,1
"(643, 296)",1673,1
"(609, 339)",1674,1
"(643, 361)",1675,13
"(643, 352)",1676,1
"(655, 341)",1677,5
"(651, 333)",1678,4
"(645, 357)",1679,7
"(644, 353)",1680,3
"(601, 354)",1681,4
"(632, 330)",1682,22
"(608, 359)",1683,3
"(614, 372)",1684,1
"(637, 322)",1685,21
"(605, 350)",1686,1
"(610, 350)",1687,23
"(647, 369)",1688,1
"(638, 389)",1689,1
"(646, 328)",1690,4
"(657, 381)",1691,1
"(646, 336)",1692,3
"(638, 365)",1693,7
"(655, 358)",1694,2
"(671, 356)",1695,1
"(622, 355)",1696,13
"(698, 368)",1697,1
"(607, 363)",1698,3
"(651, 404)",1699,1
"(624, 368)",1700,4
"(631, 328)",1701,1
"(656, 340)",1702,1
"(619, 346)",1703,26
"(651, 367)",1704,3
"(598, 366)",1705,1
"(661, 344)",1706,2
"(633, 327)",1707,20
"(648, 357)",1708,3
"(611, 347)",1709,16
"(609, 405)",1710,2
"(609, 367)",1711,1
"(641, 329)",1712,8
"(615, 341)",1713,5
"(593, 355)",1714,1
"(630, 372)",1715,8
"(658, 366)",1716,6
"(618, 297)",1717,1
"(640, 360)",1718,8
"(625, 354)",1719,10
"(643, 358)",1720,9
"(636, 313)",1721,3
"(642, 318)",1722,1
"(641, 318)",1723,18
"(611, 348)",1724,2
"(649, 350)",1725,11
"(649, 349)",1726,5
"(673, 341)",1727,6
"(658, 357)",1728,1
"(646, 357)",1729,1
"(614, 341)",1730,9
"(594, 334)",1731,1
"(604, 361)",1732,2
"(644, 368)",1733,3
"(645, 335)",1734,5
"(642, 375)",1735,1
"(652, 349)",1736,4
"(616, 337)",1737,1
"(665, 342)",1738,3
"(629, 327)",1739,2
"(600, 319)",1740,2
"(629, 332)",1741,6
"(655, 355)",1742,2
"(642, 380)",1743,3
"(633, 310)",1744,6
"(604, 376)",1745,1
"(650, 343)",1746,4
"(621, 329)",1747,4
"(678, 343)",1748,2
"(641, 322)",1749,2
"(622, 330)",1750,4
"(604, 360)",1751,2
"(651, 344)",1752,6
"(614, 357)",1753,4
"(618, 383)",1754,1
"(644, 376)",1755,2
"(617, 336)",1756,9
"(661, 340)",1757,3
"(627, 370)",1758,9
"(655, 320)",1759,2
"(656, 320)",1760,1
"(644, 326)",1761,8
"(634, 377)",1762,3
"(615, 344)",1763,7
"(657, 347)",1764,1
"(639, 320)",1765,28
"(658, 349)",1766,4
"(659, 342)",1767,15
"(584, 373)",1768,1
"(639, 321)",1769,36
"(650, 344)",1770,1
"(634, 330)",1771,18
"(649, 343)",1772,7
"(627, 334)",1773,47
"(644, 321)",1774,38
"(620, 355)",1775,9
"(594, 335)",1776,1
"(649, 363)",1777,1
"(627, 389)",1778,1
"(620, 400)",1779,1
"(645, 325)",1780,4
"(600, 351)",1781,2
"(650, 342)",1782,5
"(642, 324)",1783,4
"(658, 360)",1784,1
"(643, 362)",1785,14
"(645, 374)",1786,1
"(659, 346)",1787,1
"(627, 363)",1788,5
"(614, 348)",1789,3
"(614, 346)",1790,10
"(657, 342)",1791,3
"(634, 321)",1792,1
"(657, 311)",1793,1
"(649, 359)",1794,5
"(638, 358)",1795,6
"(659, 357)",1796,2
"(649, 403)",1797,1
"(605, 352)",1798,1
"(641, 345)",1799,23
"(648, 329)",1800,3
"(653, 347)",1801,11
"(606, 346)",1802,48
"(657, 353)",1803,2
"(605, 390)",1804,1
"(631, 371)",1805,9
"(620, 331)",1806,13
"(649, 357)",1807,5
"(671, 357)",1808,1
"(648, 346)",1809,33
"(633, 378)",1810,2
"(614, 349)",1811,1
"(636, 372)",1812,2
"(610, 347)",1813,11
"(625, 370)",1814,4
"(629, 375)",1815,2
"(592, 364)",1816,1
"(647, 355)",1817,1
"(654, 348)",1818,2
"(641, 328)",1819,8
"(642, 350)",1820,9
"(627, 285)",1821,1
"(544, 188)",1822,1
"(637, 376)",1823,6
"(646, 368)",1824,2
"(620, 330)",1825,3
"(648, 350)",1826,3
"(695, 383)",1827,1
"(642, 289)",1828,1
"(639, 356)",1829,5
"(594, 367)",1830,4
"(633, 315)",1831,1
"(617, 363)",1832,1
"(617, 342)",1833,5
"(634, 304)",1834,2
"(610, 346)",1835,5
"(632, 326)",1836,47
"(639, 312)",1837,4
"(668, 356)",1838,1
"(567, 344)",1839,1
"(617, 441)",1840,1
"(653, 341)",1841,16
"(625, 335)",1842,61
"(626, 353)",1843,2
"(698, 345)",1844,2
"(635, 385)",1845,3
"(597, 340)",1846,1
"(608, 401)",1847,1
"(645, 326)",1848,4
"(664, 327)",1849,1
"(534, 201)",1850,1
"(668, 370)",1851,1
"(636, 390)",1852,2
"(631, 380)",1853,9
"(631, 378)",1854,2
"(623, 367)",1855,15
"(627, 366)",1856,2
"(662, 343)",1857,5
"(619, 332)",1858,2
"(619, 331)",1859,18
"(633, 371)",1860,1
"(642, 366)",1861,11
"(635, 305)",1862,1
"(621, 362)",1863,2
"(648, 338)",1864,40
"(619, 334)",1865,6
"(618, 334)",1866,3
"(697, 346)",1867,1
"(683, 308)",1868,1
"(686, 357)",1869,1
"(626, 366)",1870,1
"(651, 328)",1871,4
"(632, 375)",1872,3
"(632, 376)",1873,3
"(632, 373)",1874,34
"(656, 345)",1875,1
"(702, 403)",1876,1
"(663, 450)",1877,2
"(628, 376)",1878,1
"(647, 338)",1879,17
"(607, 371)",1880,1
"(633, 376)",1881,4
"(596, 317)",1882,1
"(668, 345)",1883,2
"(667, 343)",1884,1
"(654, 377)",1885,1
"(655, 377)",1886,1
"(651, 350)",1887,10
"(653, 348)",1888,6
"(628, 353)",1889,22
"(624, 361)",1890,54
"(628, 332)",1891,1
"(652, 403)",1892,1
"(625, 351)",1893,2
"(637, 317)",1894,2
"(659, 366)",1895,2
"(657, 365)",1896,1
"(599, 336)",1897,1
"(634, 328)",1898,8
"(634, 296)",1899,1
"(637, 321)",1900,2
"(669, 343)",1901,1
"(620, 409)",1902,1
"(638, 321)",1903,6
"(616, 354)",1904,3
"(657, 351)",1905,1
"(645, 321)",1906,3
"(635, 323)",1907,4
"(631, 324)",1908,12
"(641, 323)",1909,12
"(559, 269)",1910,1
"(633, 319)",1911,2
"(632, 317)",1912,2
"(631, 332)",1913,5
"(666, 337)",1914,1
"(650, 347)",1915,3
"(636, 320)",1916,4
"(629, 366)",1917,48
"(613, 351)",1918,2
"(622, 324)",1919,1
"(654, 341)",1920,3
"(649, 361)",1921,1
"(640, 323)",1922,7
"(605, 380)",1923,1
"(624, 335)",1924,25
"(628, 358)",1925,41
"(652, 328)",1926,1
"(658, 348)",1927,2
"(648, 361)",1928,1
"(673, 321)",1929,1
"(644, 359)",1930,9
"(647, 350)",1931,1
"(636, 302)",1932,1
"(640, 359)",1933,2
"(648, 337)",1934,19
"(634, 314)",1935,3
"(652, 345)",1936,17
"(681, 371)",1937,1
"(639, 373)",1938,4
"(630, 354)",1939,32
"(639, 318)",1940,6
"(642, 312)",1941,1
"(643, 314)",1942,1
"(647, 317)",1943,2
"(703, 88)",1944,1
"(658, 340)",1945,2
"(644, 294)",1946,1
"(623, 362)",1947,5
"(659, 363)",1948,1
"(649, 373)",1949,1
"(648, 314)",1950,2
"(648, 363)",1951,1
"(609, 333)",1952,4
"(602, 373)",1953,2
"(632, 380)",1954,4
"(611, 342)",1955,1
"(602, 324)",1956,1
"(632, 374)",1957,5
"(602, 323)",1958,2
"(633, 321)",1959,2
"(643, 376)",1960,1
"(613, 353)",1961,4
"(618, 353)",1962,1
"(618, 352)",1963,1
"(618, 351)",1964,1
"(628, 334)",1965,12
"(638, 314)",1966,2
"(647, 354)",1967,1
"(607, 409)",1968,1
"(647, 339)",1969,8
"(585, 317)",1970,1
"(620, 336)",1971,6
"(649, 327)",1972,1
"(631, 321)",1973,3
"(633, 304)",1974,2
"(644, 352)",1975,1
"(650, 346)",1976,11
"(642, 357)",1977,4
"(619, 338)",1978,1
"(653, 342)",1979,9
"(662, 341)",1980,1
"(635, 383)",1981,6
"(647, 325)",1982,2
"(651, 340)",1983,2
"(626, 360)",1984,10
"(608, 361)",1985,1
"(672, 342)",1986,1
"(665, 309)",1987,1
"(614, 358)",1988,3
"(614, 363)",1989,1
"(673, 345)",1990,2
"(619, 337)",1991,3
"(662, 353)",1992,4
"(609, 337)",1993,1
"(649, 351)",1994,1
"(601, 334)",1995,1
"(649, 366)",1996,1
"(621, 334)",1997,11
"(655, 366)",1998,2
"(609, 343)",1999,12
"(636, 322)",2000,2
"(648, 352)",2001,1
"(620, 337)",2002,7
"(669, 378)",2003,1
"(639, 377)",2004,3
"(607, 317)",2005,1
"(602, 355)",2006,4
"(634, 298)",2007,1
"(653, 345)",2008,7
"(573, 327)",2009,3
"(651, 362)",2010,1
"(664, 341)",2011,2
"(660, 295)",2012,1
"(653, 364)",2013,2
"(612, 359)",2014,3
"(651, 345)",2015,1
"(657, 338)",2016,2
"(665, 355)",2017,2
"(642, 322)",2018,6
"(605, 321)",2019,2
"(640, 309)",2020,2
"(589, 359)",2021,1
"(641, 330)",2022,18
"(631, 384)",2023,1
"(651, 381)",2024,1
"(654, 386)",2025,1
"(597, 335)",2026,1
"(652, 317)",2027,2
"(642, 355)",2028,1
"(645, 314)",2029,1
"(654, 339)",2030,3
"(611, 320)",2031,1
"(599, 369)",2032,1
"(592, 363)",2033,1
"(635, 324)",2034,2
"(648, 273)",2035,1
"(656, 346)",2036,7
"(640, 356)",2037,4
"(629, 392)",2038,1
"(600, 342)",2039,1
"(628, 360)",2040,8
"(595, 354)",2041,1
"(655, 363)",2042,1
"(604, 351)",2043,1
"(662, 307)",2044,1
"(608, 344)",2045,2
"(622, 363)",2046,2
"(666, 357)",2047,1
"(631, 285)",2048,1
"(603, 348)",2049,1
"(649, 315)",2050,2
"(652, 336)",2051,2
"(687, 367)",2052,2
"(593, 356)",2053,1
"(653, 363)",2054,2
"(612, 354)",2055,7
"(659, 344)",2056,2
"(597, 368)",2057,1
"(609, 319)",2058,1
"(594, 314)",2059,1
"(658, 333)",2060,1
"(657, 350)",2061,1
"(606, 364)",2062,3
"(601, 333)",2063,2
"(668, 342)",2064,2
"(620, 332)",2065,12
"(620, 361)",2066,2
"(629, 333)",2067,9
"(636, 425)",2068,1
"(673, 309)",2069,1
"(644, 306)",2070,1
"(628, 333)",2071,1
"(634, 386)",2072,1
"(634, 369)",2073,3
"(624, 366)",2074,7
"(634, 381)",2075,1
"(633, 380)",2076,4
"(622, 365)",2077,3
"(634, 376)",2078,3
"(633, 379)",2079,2
"(633, 381)",2080,2
"(635, 387)",2081,1
"(624, 367)",2082,6
"(624, 362)",2083,4
"(626, 355)",2084,1
"(663, 366)",2085,1
"(598, 354)",2086,3
"(636, 388)",2087,3
"(624, 355)",2088,2
"(617, 349)",2089,17
"(644, 380)",2090,2
"(642, 321)",2091,11
"(650, 324)",2092,1
"(661, 352)",2093,3
"(627, 374)",2094,2
"(653, 323)",2095,12
"(607, 364)",2096,3
"(620, 328)",2097,2
"(612, 352)",2098,2
"(642, 354)",2099,2
"(637, 314)",2100,5
"(649, 358)",2101,1
"(643, 343)",2102,23
"(545, 348)",2103,1
"(603, 389)",2104,1
"(658, 350)",2105,1
"(644, 319)",2106,6
"(642, 373)",2107,3
"(617, 343)",2108,3
"(635, 309)",2109,1
"(660, 288)",2110,1
"(652, 337)",2111,6
"(657, 330)",2112,2
"(652, 348)",2113,4
"(661, 341)",2114,7
"(631, 307)",2115,1
"(589, 358)",2116,1
"(618, 333)",2117,3
"(658, 318)",2118,2
"(647, 357)",2119,7
"(615, 351)",2120,7
"(623, 334)",2121,13
"(574, 339)",2122,1
"(607, 324)",2123,1
"(648, 360)",2124,1
"(656, 334)",2125,1
"(645, 332)",2126,5
"(616, 387)",2127,1
"(614, 393)",2128,1
"(616, 335)",2129,5
"(665, 366)",2130,1
"(600, 362)",2131,1
"(648, 367)",2132,3
"(642, 315)",2133,2
"(618, 364)",2134,3
"(623, 369)",2135,2
"(626, 374)",2136,1
"(615, 439)",2137,1
"(652, 350)",2138,3
"(662, 364)",2139,1
"(657, 333)",2140,2
"(653, 317)",2141,2
"(615, 357)",2142,3
"(642, 378)",2143,1
"(644, 362)",2144,2
"(587, 340)",2145,1
"(657, 354)",2146,2
"(602, 339)",2147,1
"(613, 354)",2148,7
"(666, 342)",2149,3
"(606, 323)",2150,1
"(656, 332)",2151,1
"(612, 346)",2152,9
"(639, 283)",2153,1
"(619, 367)",2154,1
"(637, 374)",2155,2
"(633, 309)",2156,2
"(763, 359)",2157,1
"(773, 358)",2158,1
"(654, 351)",2159,1
"(606, 351)",2160,2
"(640, 321)",2161,8
"(609, 357)",2162,1
"(639, 368)",2163,3
"(656, 365)",2164,1
"(643, 330)",2165,51
"(646, 381)",2166,1
"(604, 396)",2167,1
"(639, 304)",2168,1
"(662, 347)",2169,1
"(613, 348)",2170,2
"(652, 334)",2171,6
"(641, 382)",2172,1
"(646, 363)",2173,1
"(640, 375)",2174,1
"(665, 413)",2175,1
"(671, 343)",2176,1
"(609, 361)",2177,1
"(653, 344)",2178,11
"(644, 338)",2179,36
"(803, 467)",2180,1
"(600, 346)",2181,1
"(570, 377)",2182,1
"(651, 334)",2183,6
"(706, 426)",2184,1
"(617, 353)",2185,2
"(637, 370)",2186,10
"(651, 323)",2187,2
"(650, 334)",2188,4
"(606, 324)",2189,2
"(645, 324)",2190,3
"(637, 298)",2191,1
"(660, 353)",2192,2
"(635, 431)",2193,1
"(617, 364)",2194,1
"(664, 337)",2195,1
"(641, 375)",2196,2
"(670, 354)",2197,7
"(639, 319)",2198,27
"(673, 349)",2199,1
"(670, 386)",2200,1
"(665, 376)",2201,1
"(645, 329)",2202,1
"(642, 329)",2203,3
"(607, 344)",2204,2
"(615, 348)",2205,4
"(648, 349)",2206,2
"(647, 327)",2207,4
"(644, 322)",2208,14
"(614, 354)",2209,4
"(644, 369)",2210,4
"(642, 319)",2211,5
"(657, 355)",2212,1
"(646, 349)",2213,4
"(652, 323)",2214,6
"(635, 376)",2215,2
"(643, 328)",2216,3
"(670, 353)",2217,6
"(648, 325)",2218,1
"(642, 298)",2219,1
"(634, 383)",2220,2
"(644, 364)",2221,2
"(657, 331)",2222,3
"(592, 372)",2223,1
"(660, 343)",2224,1
"(603, 335)",2225,2
"(665, 347)",2226,1
"(640, 367)",2227,12
"(618, 327)",2228,2
"(642, 301)",2229,4
"(641, 378)",2230,3
"(640, 354)",2231,2
"(608, 337)",2232,2
"(637, 389)",2233,4
"(641, 313)",2234,1
"(644, 316)",2235,1
"(644, 315)",2236,1
"(649, 370)",2237,1
"(642, 317)",2238,4
"(641, 321)",2239,5
"(651, 346)",2240,4
"(583, 308)",2241,1
"(611, 362)",2242,1
"(630, 375)",2243,1
"(642, 358)",2244,2
"(656, 348)",2245,1
"(645, 331)",2246,5
"(612, 355)",2247,12
"(642, 363)",2248,18
"(614, 361)",2249,5
"(641, 305)",2250,1
"(653, 334)",2251,2
"(576, 337)",2252,1
"(629, 322)",2253,5
"(634, 391)",2254,1
"(641, 368)",2255,2
"(648, 382)",2256,2
"(669, 347)",2257,1
"(642, 414)",2258,1
"(679, 352)",2259,1
"(601, 340)",2260,3
"(668, 343)",2261,2
"(660, 348)",2262,3
"(638, 393)",2263,2
"(619, 336)",2264,3
"(642, 302)",2265,2
"(635, 386)",2266,3
"(633, 313)",2267,7
"(589, 374)",2268,1
"(677, 378)",2269,1
"(611, 338)",2270,10
"(671, 375)",2271,1
"(646, 359)",2272,1
"(618, 335)",2273,3
"(620, 377)",2274,1
"(606, 318)",2275,1
"(665, 368)",2276,1
"(649, 339)",2277,4
"(643, 318)",2278,1
"(639, 309)",2279,1
"(630, 263)",2280,1
"(658, 370)",2281,3
"(649, 345)",2282,2
"(795, 484)",2283,1
"(644, 329)",2284,1
"(641, 380)",2285,1
"(629, 360)",2286,4
"(612, 348)",2287,1
"(664, 359)",2288,2
"(622, 332)",2289,6
"(631, 376)",2290,3
"(645, 318)",2291,3
"(647, 333)",2292,1
"(644, 278)",2293,1
"(623, 349)",2294,2
"(643, 317)",2295,1
"(603, 336)",2296,1
"(634, 319)",2297,1
"(612, 321)",2298,1
"(671, 347)",2299,3
"(646, 318)",2300,3
"(601, 309)",2301,2
"(648, 321)",2302,1
"(451, 259)",2303,1
"(669, 354)",2304,1
"(590, 377)",2305,1
"(646, 333)",2306,1
"(656, 323)",2307,1
"(599, 335)",2308,1
"(634, 384)",2309,2
"(629, 359)",2310,5
"(644, 400)",2311,1
"(659, 340)",2312,1
"(648, 381)",2313,1
"(647, 319)",2314,5
"(614, 344)",2315,5
"(663, 212)",2316,1
"(640, 358)",2317,1
"(667, 356)",2318,2
"(664, 367)",2319,1
"(627, 318)",2320,1
"(680, 363)",2321,1
"(660, 338)",2322,1
"(649, 320)",2323,1
"(682, 340)",2324,1
"(606, 368)",2325,1
"(621, 367)",2326,5
"(626, 387)",2327,1
"(653, 357)",2328,1
"(634, 307)",2329,1
"(597, 375)",2330,1
"(652, 338)",2331,1
"(656, 309)",2332,1
"(600, 373)",2333,1
"(644, 328)",2334,3
"(637, 309)",2335,1
"(639, 374)",2336,4
"(646, 351)",2337,4
"(661, 339)",2338,1
"(612, 357)",2339,1
"(601, 320)",2340,2
"(622, 369)",2341,1
"(646, 367)",2342,1
"(781, 462)",2343,1
"(614, 322)",2344,1
"(661, 357)",2345,1
"(649, 344)",2346,1
"(640, 317)",2347,1
"(636, 311)",2348,1
"(607, 362)",2349,2
"(610, 348)",2350,1
"(607, 328)",2351,1
"(635, 310)",2352,1
"(650, 345)",2353,1
"(654, 296)",2354,1
"(635, 378)",2355,2
"(601, 324)",2356,1
"(655, 351)",2357,1
"(655, 296)",2358,2
"(611, 339)",2359,3
"(617, 384)",2360,1
"(607, 343)",2361,2
"(629, 361)",2362,1
"(646, 319)",2363,2
"(660, 347)",2364,4
"(601, 379)",2365,1
"(654, 295)",2366,1
"(654, 352)",2367,1
"(590, 358)",2368,1
"(575, 305)",2369,1
"(628, 361)",2370,1
"(633, 265)",2371,1
"(658, 337)",2372,4
"(629, 352)",2373,8
"(631, 323)",2374,2
"(629, 318)",2375,2
"(624, 294)",2376,1
"(604, 325)",2377,1
"(587, 346)",2378,1
"(643, 380)",2379,1
"(609, 368)",2380,1
"(683, 347)",2381,1
"(680, 347)",2382,1
"(676, 361)",2383,1
"(658, 343)",2384,2
"(619, 349)",2385,10
"(649, 307)",2386,1
"(660, 337)",2387,1
"(627, 328)",2388,1
"(701, 357)",2389,1
"(622, 371)",2390,4
"(633, 306)",2391,1
"(547, 340)",2392,1
"(597, 317)",2393,1
"(633, 322)",2394,1
"(620, 366)",2395,1
"(647, 316)",2396,1
"(614, 323)",2397,1
"(598, 323)",2398,2
"(644, 379)",2399,5
"(672, 347)",2400,2
"(638, 391)",2401,1
"(653, 350)",2402,1
"(654, 364)",2403,1
"(663, 403)",2404,1
"(590, 359)",2405,1
"(655, 308)",2406,1
"(634, 311)",2407,3
"(646, 314)",2408,1
"(680, 464)",2409,1
"(673, 343)",2410,1
"(645, 351)",2411,1
"(618, 339)",2412,1
"(597, 334)",2413,6
"(614, 347)",2414,7
"(647, 321)",2415,2
"(616, 392)",2416,1
"(585, 451)",2417,1
"(628, 352)",2418,2
"(618, 392)",2419,1
"(650, 288)",2420,1
"(667, 295)",2421,1
"(621, 326)",2422,1
"(676, 342)",2423,1
"(670, 343)",2424,1
"(664, 348)",2425,1
"(604, 336)",2426,1
"(649, 338)",2427,3
"(662, 352)",2428,1
"(646, 282)",2429,1
"(660, 341)",2430,2
"(600, 324)",2431,1
"(642, 374)",2432,1
"(678, 362)",2433,18
"(645, 446)",2434,1
"(648, 366)",2435,1
"(570, 382)",2436,1
"(674, 408)",2437,1
"(632, 378)",2438,3
"(632, 379)",2439,4
"(638, 402)",2440,1
"(643, 280)",2441,1
"(647, 281)",2442,1
"(583, 346)",2443,1
"(615, 354)",2444,2
"(599, 361)",2445,1
"(665, 341)",2446,2
"(594, 331)",2447,1
"(661, 338)",2448,7
"(642, 367)",2449,2
"(618, 382)",2450,1
"(599, 334)",2451,1
"(611, 360)",2452,1
"(681, 373)",2453,1
"(653, 361)",2454,1
"(614, 330)",2455,1
"(641, 370)",2456,1
"(560, 376)",2457,1
"(634, 309)",2458,1
"(629, 330)",2459,1
"(601, 306)",2460,1
"(654, 331)",2461,1
"(617, 385)",2462,2
"(664, 351)",2463,1
"(604, 366)",2464,1
"(650, 409)",2465,1
"(657, 345)",2466,7
"(649, 346)",2467,1
"(675, 345)",2468,1
"(605, 316)",2469,2
"(623, 358)",2470,3
"(607, 337)",2471,1
"(651, 358)",2472,1
"(623, 310)",2473,1
"(644, 351)",2474,5
"(669, 286)",2475,1
"(669, 287)",2476,1
"(651, 286)",2477,1
"(597, 318)",2478,1
"(653, 324)",2479,3
"(618, 336)",2480,1
"(683, 353)",2481,1
"(668, 344)",2482,2
"(603, 319)",2483,1
"(646, 361)",2484,1
"(630, 379)",2485,6
"(656, 379)",2486,1
"(650, 337)",2487,6
"(651, 337)",2488,7
"(651, 353)",2489,1
"(641, 371)",2490,2
"(661, 351)",2491,1
"(594, 339)",2492,1
"(581, 340)",2493,1
"(622, 373)",2494,1
"(639, 370)",2495,2
"(603, 332)",2496,1
"(606, 333)",2497,1
"(604, 335)",2498,1
"(646, 339)",2499,3
"(637, 307)",2500,3
"(602, 374)",2501,1
"(610, 405)",2502,1
"(611, 344)",2503,1
"(599, 330)",2504,1
"(602, 332)",2505,1
"(624, 387)",2506,1
"(659, 389)",2507,1
"(649, 360)",2508,3
"(640, 308)",2509,1
"(615, 355)",2510,1
"(652, 359)",2511,1
"(645, 405)",2512,1
"(640, 349)",2513,1
"(622, 372)",2514,2
"(612, 366)",2515,1
"(609, 360)",2516,1
"(642, 362)",2517,1
"(621, 375)",2518,1
"(654, 330)",2519,1
"(654, 349)",2520,1
"(651, 351)",2521,2
"(690, 430)",2522,1
"(603, 352)",2523,1
"(655, 352)",2524,1
"(619, 354)",2525,1
"(612, 339)",2526,2
"(647, 314)",2527,2
"(622, 327)",2528,1
"(627, 333)",2529,11
"(606, 316)",2530,1
"(673, 370)",2531,2
"(604, 380)",2532,1
"(651, 379)",2533,1
"(634, 380)",2534,4
"(646, 316)",2535,4
"(647, 353)",2536,2
"(641, 373)",2537,2
"(605, 347)",2538,143
"(584, 347)",2539,3
"(644, 394)",2540,2
"(693, 370)",2541,1
"(625, 368)",2542,2
"(605, 346)",2543,4
"(610, 360)",2544,5
"(633, 384)",2545,1
"(620, 348)",2546,3
"(647, 366)",2547,1
"(623, 319)",2548,2
"(624, 295)",2549,3
"(641, 317)",2550,6
"(606, 347)",2551,95
"(607, 346)",2552,21
"(606, 349)",2553,16
"(611, 346)",2554,3
"(632, 315)",2555,1
"(607, 349)",2556,3
"(613, 367)",2557,8
"(627, 256)",2558,1
"(605, 348)",2559,4
"(609, 347)",2560,2
"(613, 347)",2561,5
"(609, 351)",2562,3
"(610, 349)",2563,1
"(601, 343)",2564,1
"(608, 349)",2565,1
"(604, 357)",2566,1
"(612, 345)",2567,1
"(606, 356)",2568,2
"(606, 359)",2569,2
"(644, 381)",2570,2
"(633, 386)",2571,3
"(624, 354)",2572,2
"(653, 367)",2573,2
"(669, 389)",2574,1
"(668, 386)",2575,1
"(642, 364)",2576,15
"(618, 332)",2577,1
"(676, 367)",2578,1
"(640, 377)",2579,1
"(656, 350)",2580,1
"(613, 382)",2581,1
"(674, 293)",2582,2
"(618, 366)",2583,2
"(630, 265)",2584,1
"(640, 379)",2585,1
"(610, 320)",2586,1
"(658, 346)",2587,10
"(627, 375)",2588,1
"(628, 375)",2589,1
"(661, 346)",2590,3
"(624, 352)",2591,4
"(650, 386)",2592,1
"(624, 339)",2593,1
"(635, 382)",2594,1
"(623, 370)",2595,3
"(641, 312)",2596,1
"(647, 340)",2597,3
"(667, 273)",2598,1
"(600, 352)",2599,1
"(620, 335)",2600,2
"(636, 305)",2601,1
"(640, 374)",2602,2
"(675, 353)",2603,2
"(678, 361)",2604,1
"(632, 307)",2605,2
"(646, 327)",2606,2
"(656, 366)",2607,2
"(660, 344)",2608,1
"(659, 338)",2609,1
"(659, 402)",2610,1
"(660, 350)",2611,1
"(620, 352)",2612,1
"(598, 322)",2613,1
"(626, 352)",2614,2
"(647, 313)",2615,1
"(622, 368)",2616,3
"(566, 381)",2617,1
"(638, 395)",2618,1
"(621, 386)",2619,1
"(635, 381)",2620,2
"(644, 277)",2621,1
"(661, 407)",2622,1
"(595, 388)",2623,1
"(617, 339)",2624,3
"(645, 394)",2625,1
"(620, 367)",2626,1
"(621, 364)",2627,1
"(574, 341)",2628,1
"(621, 336)",2629,2
"(609, 403)",2630,4
"(644, 382)",2631,1
"(679, 386)",2632,2
"(664, 345)",2633,1
"(603, 416)",2634,1
"(602, 335)",2635,1
"(618, 369)",2636,1
"(600, 367)",2637,2
"(642, 384)",2638,1
"(593, 358)",2639,1
"(629, 286)",2640,1
"(605, 336)",2641,1
"(637, 306)",2642,2
"(649, 325)",2643,8
"(664, 361)",2644,1
"(585, 345)",2645,1
"(659, 350)",2646,1
"(675, 369)",2647,2
"(607, 361)",2648,2
"(610, 359)",2649,1
"(587, 339)",2650,1
"(644, 391)",2651,1
"(632, 319)",2652,1
"(648, 326)",2653,2
"(652, 314)",2654,1
"(603, 321)",2655,1
"(683, 354)",2656,1
"(619, 329)",2657,1
"(650, 323)",2658,2
"(645, 323)",2659,1
"(600, 334)",2660,1
"(649, 328)",2661,1
"(674, 386)",2662,2
"(576, 324)",2663,1
"(598, 333)",2664,3
"(644, 392)",2665,1
"(633, 382)",2666,2
"(658, 345)",2667,1
"(715, 132)",2668,1
"(667, 344)",2669,2
"(606, 336)",2670,1
"(583, 327)",2671,1
"(588, 329)",2672,1
"(582, 329)",2673,1
"(645, 362)",2674,1
"(646, 356)",2675,1
"(658, 312)",2676,1
"(629, 376)",2677,1
"(664, 358)",2678,1
"(646, 383)",2679,1
"(680, 358)",2680,1
"(634, 313)",2681,1
"(627, 361)",2682,3
"(639, 418)",2683,1
"(649, 353)",2684,1
"(655, 332)",2685,1
"(644, 383)",2686,1
"(632, 387)",2687,1
"(589, 334)",2688,2
"(598, 324)",2689,1
"(609, 329)",2690,1
"(645, 386)",2691,1
"(646, 365)",2692,8
"(645, 356)",2693,2
"(622, 335)",2694,1
"(645, 339)",2695,1
"(655, 310)",2696,1
"(640, 322)",2697,2
"(650, 363)",2698,1
"(610, 378)",2699,1
"(678, 363)",2700,1
"(553, 374)",2701,1
"(649, 334)",2702,3
"(596, 339)",2703,1
"(656, 322)",2704,1
"(672, 387)",2705,5
"(609, 362)",2706,1
"(672, 376)",2707,2
"(647, 322)",2708,1
"(620, 368)",2709,1
"(617, 365)",2710,1
"(617, 366)",2711,1
"(637, 384)",2712,1
"(608, 322)",2713,1
"(652, 333)",2714,3
"(603, 381)",2715,1
"(641, 369)",2716,2
"(603, 320)",2717,3
"(626, 327)",2718,1
"(654, 402)",2719,1
"(652, 321)",2720,1
"(655, 331)",2721,1
"(646, 288)",2722,1
"(610, 344)",2723,2
"(649, 321)",2724,1
"(602, 392)",2725,1
"(604, 379)",2726,1
"(647, 332)",2727,1
"(655, 356)",2728,1
"(676, 362)",2729,1
"(632, 385)",2730,1
"(631, 385)",2731,1
"(672, 369)",2732,1
"(577, 346)",2733,1
"(676, 351)",2734,1
"(607, 339)",2735,1
"(653, 358)",2736,2
"(601, 339)",2737,1
"(609, 359)",2738,1
"(581, 325)",2739,1
"(580, 346)",2740,1
"(647, 360)",2741,1
"(646, 391)",2742,1
"(624, 332)",2743,1
"(609, 325)",2744,1
"(627, 330)",2745,1
"(603, 346)",2746,1
"(645, 358)",2747,3
"(648, 306)",2748,1
"(651, 373)",2749,1
"(636, 308)",2750,1
"(598, 363)",2751,1
"(615, 295)",2752,1
"(656, 349)",2753,1
"(632, 320)",2754,1
"(653, 338)",2755,1
"(643, 370)",2756,3
"(594, 332)",2757,2
"(611, 349)",2758,1
"(612, 358)",2759,1
"(641, 282)",2760,1
"(664, 376)",2761,1
"(608, 318)",2762,1
"(619, 330)",2763,1
"(618, 431)",2764,1
"(610, 343)",2765,2
"(590, 332)",2766,2
"(655, 391)",2767,1
"(656, 393)",2768,1
"(601, 344)",2769,1
"(600, 345)",2770,1
"(650, 309)",2771,1
"(653, 340)",2772,1
"(635, 392)",2773,2
"(617, 355)",2774,1
"(642, 376)",2775,3
"(656, 353)",2776,1
"(639, 363)",2777,1
"(593, 308)",2778,1
"(643, 378)",2779,2
"(672, 353)",2780,1
"(563, 476)",2781,1
"(606, 365)",2782,1
"(665, 356)",2783,1
"(623, 363)",2784,1
"(687, 368)",2785,1
"(591, 331)",2786,1
"(632, 391)",2787,1
"(599, 354)",2788,1
"(611, 333)",2789,1
"(649, 396)",2790,1
"(649, 352)",2791,1
"(657, 405)",2792,1
"(626, 393)",2793,1
"(614, 343)",2794,1
"(639, 385)",2795,1
"(590, 356)",2796,2
"(627, 322)",2797,2
"(626, 363)",2798,2
"(648, 368)",2799,1
"(624, 391)",2800,1
"(666, 353)",2801,1
"(664, 353)",2802,1
"(570, 359)",2803,1
"(611, 351)",2804,1
"(653, 308)",2805,1
"(597, 350)",2806,1
"(657, 370)",2807,1
"(637, 313)",2808,3
"(595, 343)",2809,1
"(603, 365)",2810,2
"(611, 326)",2811,2
